language,message_key,text
uk,nav_home,–ì–æ–ª–æ–≤–Ω–∞
uk,nav_partners,–ü–∞—Ä—Ç–Ω–µ—Ä–∏
uk,nav_top,TOP
uk,friends,–î—Ä—É–∑—ñ
uk,top_activated,TOP –ü–†–û–ì–†–ê–ú–ê –ê–ö–¢–ò–í–ù–ê
uk,link_connected,–õ—ñ–Ω–∫–∞ –ø—ñ–¥–∫–ª—é—á–µ–Ω–∞
uk,input_link_placeholder,–í—Å—Ç–∞–≤ —Å–≤–æ—é 7% –ª—ñ–Ω–∫—É —Ç—É—Ç...
uk,save,–ó–±–µ—Ä–µ–≥—Ç–∏
uk,how_to_get_link,–î–µ –≤–∑—è—Ç–∏ –ª—ñ–Ω–∫—É?
uk,unlock_top_title,–†–æ–∑–±–ª–æ–∫—É–≤–∞—Ç–∏ TOP —Å—Ç–∞—Ç—É—Å
uk,unlock_top_subtitle,–ó–∞–ø—Ä–æ—Å–∏ 5 –¥—Ä—É–∑—ñ–≤, —â–æ–± —Ä–æ–∑–±–ª–æ–∫—É–≤–∞—Ç–∏ –µ–∫—Å–∫–ª—é–∑–∏–≤–Ω—ñ –≤–∏–Ω–∞–≥–æ—Ä–æ–¥–∏
uk,invited,–∑–∞–ø—Ä–æ—à–µ–Ω–æ
uk,goal,–¶–Ü–õ–¨
uk,invite_earn,–ó–ê–ü–†–û–®–£–ô –¢–ê –ó–ê–†–û–ë–õ–Ø–ô
uk,potential_earnings,–¢–≤—ñ–π –ø–æ—Ç–µ–Ω—Ü—ñ–π–Ω–∏–π –∑–∞—Ä–æ–±—ñ—Ç–æ–∫
uk,user_count_1,1 –Æ–ó–ï–†
uk,user_count_10,10 –Æ–ó–ï–†–Ü–í
uk,user_count_100,100 –Æ–ó–ï–†–Ü–í
uk,estimates_disclaimer,–û—Ü—ñ–Ω–∫–∏ –±–∞–∑—É—é—Ç—å—Å—è –Ω–∞ —Å–µ—Ä–µ–¥–Ω—ñ–π –∞–∫—Ç–∏–≤–Ω–æ—Å—Ç—ñ –∑–∞–ª—É—á–µ–Ω–∏—Ö –∫–æ—Ä–∏—Å—Ç—É–≤–∞—á—ñ–≤.
uk,partners_title,–ü–∞—Ä—Ç–Ω–µ—Ä–∏
uk,partners_subtitle,–ü–µ—Ä–µ–≤—ñ—Ä–µ–Ω—ñ –±–æ—Ç–∏ —Ç–∞ –∑–∞—Ä–æ–±—ñ—Ç–æ–∫ –∑—ñ—Ä–æ–∫ –∑–∞ –¥—ñ—ó
uk,top_bots_title,TOP –ë–æ—Ç–∏
uk,top_bots_subtitle,–û—Ç—Ä–∏–º—É–π –≤ x3-x7 –±—ñ–ª—å—à–µ –∑—ñ—Ä–æ–∫
uk,browse_btn,–ü–µ—Ä–µ–≥–ª—è–Ω—É—Ç–∏
uk,stars_suffix,+ –ó–Ü–†–ö–ò
uk,x7_badge,‚ö° x7
uk,launch_btn,–ó–∞–ø—É—Å—Ç–∏—Ç–∏ ‚Üó
uk,open_btn,–í—ñ–¥–∫—Ä–∏—Ç–∏ ‚Üó
uk,estimated_share,{{percent}}% —á–∞—Å—Ç–∫–∞
uk,about_earnhub,–ü—Ä–æ EarnHub
uk,footer_about_text,"EarnHub ‚Äî —Ü–µ –∞–≥—Ä–µ–≥–∞—Ç–æ—Ä —Ä–µ—Ñ–µ—Ä–∞–ª—å–Ω–∏—Ö –ø—Ä–æ–≥—Ä–∞–º, —â–æ –ø—Ä–æ–ø–æ–Ω—É—î –±–æ–Ω—É—Å–∏ –∑–∞ —Ä—ñ—Å—Ç –º–µ—Ä–µ–∂—ñ. –û—Ç—Ä–∏–º—É–π—Ç–µ –≤–∏–≥–æ–¥—É –≤—ñ–¥ 7% –º–æ–Ω–µ—Ç–∏–∑–∞—Ü—ñ—ó Telegram —Ç–∞ –º–∞–∫—Å–∏–º—ñ–∑—É–π—Ç–µ –ø—Ä–∏–±—É—Ç–∫–∏ —á–µ—Ä–µ–∑ –Ω–∞—à–∏—Ö –ø–∞—Ä—Ç–Ω–µ—Ä—Å—å–∫–∏—Ö –±–æ—Ç—ñ–≤."
uk,footer_disclaimer,–í—ñ–¥–º–æ–≤–∞ –≤—ñ–¥ –≤—ñ–¥–ø–æ–≤—ñ–¥–∞–ª—å–Ω–æ—Å—Ç—ñ: EarnHub –Ω–µ —î —Ñ—ñ–Ω–∞–Ω—Å–æ–≤–æ—é —É—Å—Ç–∞–Ω–æ–≤–æ—é.
uk,terms_of_use,–£–º–æ–≤–∏ –≤–∏–∫–æ—Ä–∏—Å—Ç–∞–Ω–Ω—è
uk,privacy_policy,–ü–æ–ª—ñ—Ç–∏–∫–∞ –∫–æ–Ω—Ñ—ñ–¥–µ–Ω—Ü—ñ–π–Ω–æ—Å—Ç—ñ
uk,support,–ü—ñ–¥—Ç—Ä–∏–º–∫–∞
uk,badge_7_path,7% —à–ª—è—Ö —Ä–æ–∑–ø–æ—á–∞—Ç–æ
uk,badge_top_member,TOP —É—á–∞—Å–Ω–∏–∫
uk,badge_super_sharer,–°—É–ø–µ—Ä –ø–æ—à–∏—Ä—é–≤–∞—á
uk,your_earnings,–í–∞—à –∑–∞—Ä–æ–±—ñ—Ç–æ–∫
uk,program_active,‚úÖ –ü—Ä–æ–≥—Ä–∞–º–∞ 7% –∞–∫—Ç–∏–≤–Ω–∞
uk,program_inactive,‚ùå –ü—Ä–æ–≥—Ä–∞–º–∞ 7% –Ω–µ–∞–∫—Ç–∏–≤–Ω–∞
uk,achievements,–î–æ—Å—è–≥–Ω–µ–Ω–Ω—è
uk,unlock_top,–†–æ–∑–±–ª–æ–∫—É–≤–∞—Ç–∏ TOP
uk,to_pro,–î–æ Pro
uk,to_hub,–î–æ Hub
uk,max_level,–ú–∞–∫—Å–∏–º–∞–ª—å–Ω–∏–π —Ä—ñ–≤–µ–Ω—å
uk,started_path,47 –ª—é–¥–µ–π –ø–æ—á–∞–ª–∏ 7% —à–ª—è—Ö
uk,top_opened_today,TOP –≤—ñ–¥–∫—Ä–∏–≤–∞–ª–∏ 19 —Ä–∞–∑—ñ–≤ —Å—å–æ–≥–æ–¥–Ω—ñ
uk,partners_clicked_most,–ù–∞–π—á–∞—Å—Ç—ñ—à–µ –∫–ª—ñ–∫–∞—é—Ç—å –ø–∞—Ä—Ç–Ω–µ—Ä—ñ–≤
uk,share_popup_title,–ü–æ–¥—ñ–ª–∏—Å—è –ª—ñ–Ω–∫–æ—é
uk,next_btn,–î–∞–ª—ñ
uk,start_btn,–ü–æ—á–∞—Ç–∏
uk,enter_wallet_error,–í–≤–µ–¥—ñ—Ç—å –∞–¥—Ä–µ—Å—É –≥–∞–º–∞–Ω—Ü—è
uk,invalid_wallet_format,–ù–µ–≤—ñ—Ä–Ω–∏–π —Ñ–æ—Ä–º–∞—Ç –∞–¥—Ä–µ—Å–∏ –≥–∞–º–∞–Ω—Ü—è
uk,wallet_saved_success,‚úÖ –ì–∞–º–∞–Ω–µ—Ü—å –∑–±–µ—Ä–µ–∂–µ–Ω–æ —É—Å–ø—ñ—à–Ω–æ!
uk,wallet_save_error,‚ùå –ü–æ–º–∏–ª–∫–∞ –∑–±–µ—Ä–µ–∂–µ–Ω–Ω—è: 
uk,top_locked_title,TOP –∑–∞–±–ª–æ–∫–æ–≤–∞–Ω–æ
uk,top_locked_subtitle,–ó–∞–ø—Ä–æ—Å–∏ —â–µ {{count}} –¥—Ä—É–∑—ñ–≤, —â–æ–± —Ä–æ–∑–±–ª–æ–∫—É–≤–∞—Ç–∏ TOP –ø–∞—Ä—Ç–Ω–µ—Ä—ñ–≤ –∞–±–æ –∫—É–ø–∏ –¥–æ—Å—Ç—É–ø.
uk,btn_unlock_top,–†–æ–∑–±–ª–æ–∫—É–≤–∞—Ç–∏ –∑–∞ {{price}} –∑—ñ—Ä–æ–∫
uk,top_profits_title,–¢–û–ü –ø–∞—Ä—Ç–Ω–µ—Ä–∏
uk,top_profits_subtitle,–ù–∞–π–≤–∏–≥—ñ–¥–Ω—ñ—à—ñ –ø—Ä–æ–ø–æ–∑–∏—Ü—ñ—ó —Ç–∏–∂–Ω—è
uk,no_partners_found,–ü–∞—Ä—Ç–Ω–µ—Ä—ñ–≤ –Ω–µ –∑–Ω–∞–π–¥–µ–Ω–æ
uk,no_top_bots,TOP –±–æ—Ç—ñ–≤ –ø–æ–∫–∏ –Ω–µ–º–∞—î
uk,ton_connect_help,TON Connect ‚Äî —Ü–µ –æ—Ñ—ñ—Ü—ñ–π–Ω–∏–π –ø—Ä–æ—Ç–æ–∫–æ–ª –¥–ª—è –ø—ñ–¥–∫–ª—é—á–µ–Ω–Ω—è TON –≥–∞–º–∞–Ω—Ü—ñ–≤ —É Telegram Mini Apps. –í—ñ–Ω –¥–æ–∑–≤–æ–ª—è—î –±–µ–∑–ø–µ—á–Ω–æ –ø—ñ–¥–∫–ª—é—á–∞—Ç–∏ –≥–∞–º–∞–Ω—Ü—ñ –±–µ–∑ –ø–µ—Ä–µ–¥–∞—á—ñ –ø—Ä–∏–≤–∞—Ç–Ω–∏—Ö –∫–ª—é—á—ñ–≤.
uk,starter,–ù–æ–≤–∞—á–æ–∫
uk,pro,–ü—Ä–æ—Ñ—ñ
uk,hub,–•–∞–±
uk,creating_invoice,–°—Ç–≤–æ—Ä—é—î–º–æ —Ä–∞—Ö—É–Ω–æ–∫...
uk,top_unlocked,‚úÖ TOP —Ä–æ–∑–±–ª–æ–∫–æ–≤–∞–Ω–æ!
uk,payment_cancelled,–û–ø–ª–∞—Ç–∞ —Å–∫–∞—Å–æ–≤–∞–Ω–∞
uk,payment_error,‚ùå –ü–æ–º–∏–ª–∫–∞ –æ–ø–ª–∞—Ç–∏
uk,saving,–ó–±–µ—Ä–µ–∂–µ–Ω–Ω—è...
uk,link_copied,‚úÖ –õ—ñ–Ω–∫ —Å–∫–æ–ø—ñ–π–æ–≤–∞–Ω–æ!
uk,copy_failed,–ü–æ–º–∏–ª–∫–∞ –∫–æ–ø—ñ—é–≤–∞–Ω–Ω—è
uk,bot_id_missing,–ü–æ–º–∏–ª–∫–∞: Bot ID –Ω–µ –∑–Ω–∞–π–¥–µ–Ω–æ
uk,link_missing,–†–µ—Ñ–µ—Ä–∞–ª—å–Ω–∞ –ª—ñ–Ω–∫–∞ –≤—ñ–¥—Å—É—Ç–Ω—è
uk,copied,‚úÖ –°–∫–æ–ø—ñ–π–æ–≤–∞–Ω–æ!
uk,connect_telegram_wallet,–ü—ñ–¥–∫–ª—é—á–∏—Ç–∏ –≥–∞–º–∞–Ω–µ—Ü—å —É Telegram
uk,choose_other_wallet,–û–±—Ä–∞—Ç–∏ —ñ–Ω—à–∏–π –∑–∞—Å—Ç–æ—Å—É–Ω–æ–∫
uk,view_all_wallets,–í—Å—ñ –≥–∞–º–∞–Ω—Ü—ñ
uk,wallet_payouts_info,–ü–æ—Ç—Ä—ñ–±–Ω–æ –ª–∏—à–µ –¥–ª—è –º–∞–π–±—É—Ç–Ω—ñ—Ö –≤–∏–ø–ª–∞—Ç
uk,wallet_no_withdrawals,–ù—ñ–∫–æ–ª–∏ –Ω–µ —Å–ø–∏—Å—É—î–º–æ –∫–æ—à—Ç–∏
uk,how_to_find_address,–Ø–∫ –∑–Ω–∞–π—Ç–∏ –∞–¥—Ä–µ—Å—É –≥–∞–º–∞–Ω—Ü—è:
uk,instruction_step_1,–í—ñ–¥–∫—Ä–∏–π —Å–≤—ñ–π TON –≥–∞–º–∞–Ω–µ—Ü—å (Tonkeeper, MyTonWallet, Tonhub)
uk,instruction_step_2,–ó–Ω–∞–π–¥–∏ —Ä–æ–∑–¥—ñ–ª "Receive" –∞–±–æ "–û—Ç—Ä–∏–º–∞—Ç–∏"
uk,instruction_step_3,–°–∫–æ–ø—ñ—é–π –∞–¥—Ä–µ—Å—É (–ø–æ—á–∏–Ω–∞—î—Ç—å—Å—è –∑ EQ, UQ, kQ –∞–±–æ 0Q)
uk,wallet_input_label,–ê–¥—Ä–µ—Å–∞ TON –≥–∞–º–∞–Ω—Ü—è:
uk,cancel,–°–∫–∞—Å—É–≤–∞—Ç–∏
uk,onboarding_title_1,–¢—É—Ç –∑–∞—Ä–æ–±–ª—è—é—Ç—å –Ω–∞ –¥—ñ—ó —É Telegram
uk,onboarding_step_1,–ê–∫—Ç–∏–≤—É–π 7%
uk,loading,–ó–∞–≤–∞–Ω—Ç–∞–∂–µ–Ω–Ω—è...
uk,retry_btn,–°–ø—Ä–æ–±—É–≤–∞—Ç–∏ —â–µ —Ä–∞–∑
uk,share_button,üß° –ü–æ–¥—ñ–ª–∏—Ç–∏—Å—å –ª—ñ–Ω–∫–æ—é
uk,share_text_pro,üöÄ –î–æ–ª—É—á–∞–π—Å—è –¥–æ EarnHubAggregatorBot ‚Äî –æ—Ç—Ä–∏–º—É–π –∑—ñ—Ä–∫–∏ –∑–∞ –∞–∫—Ç–∏–≤–Ω—ñ—Å—Ç—å!
uk,share_text_starter,üöÄ –î–æ–ª—É—á–∞–π—Å—è –¥–æ EarnHubAggregatorBot ‚Äî –æ—Ç—Ä–∏–º—É–π –∑—ñ—Ä–∫–∏ –∑–∞ –∞–∫—Ç–∏–≤–Ω—ñ—Å—Ç—å!
uk,activate_7_title,–Ø–∫ —É–≤—ñ–º–∫–Ω—É—Ç–∏ 7% (1 —Ä–∞–∑ –Ω–∞–∑–∞–≤–∂–¥–∏):
uk,activate_7_step_1,1Ô∏è‚É£ –í—ñ–¥–∫—Ä–∏–π @{{username}}
uk,activate_7_step_2,2Ô∏è‚É£ ¬´–ü–∞—Ä—Ç–Ω–µ—Ä—Å—å–∫–∞ –ø—Ä–æ–≥—Ä–∞–º–∞¬ª
uk,activate_7_step_3,3Ô∏è‚É£ ¬´–ü—ñ–¥'—î–¥–Ω–∞—Ç–∏—Å—å¬ª
uk,activate_7_footer,‚Üí {{percent}}% –∞–∫—Ç–∏–≤—É—é—Ç—å—Å—è –Ω–∞–∑–∞–≤–∂–¥–∏
uk,buy_top_fallback_title,–†–æ–∑–±–ª–æ–∫—É–≤–∞—Ç–∏ TOP
uk,saved,–ó–±–µ—Ä–µ–∂–µ–Ω–æ
uk,change_link,–ó–º—ñ–Ω–∏—Ç–∏ –ª—ñ–Ω–∫—É?
uk,buy_top_fallback_text,"–î–ª—è —Ä–æ–∑–±–ª–æ–∫—É–≤–∞–Ω–Ω—è TOP –ø–æ—Ç—Ä—ñ–±–Ω–æ:\n‚Ä¢ –ó–∞–ø—Ä–æ—Å–∏—Ç–∏ {{needed}} –¥—Ä—É–∑—ñ–≤\n‚Ä¢ –ê–±–æ –∫—É–ø–∏—Ç–∏ –¥–æ—Å—Ç—É–ø –∑–∞ {{price}} ‚≠ê\n–î–ª—è –ø–æ–∫—É–ø–∫–∏ –≤—ñ–¥–∫—Ä–∏–π—Ç–µ –±–æ—Ç–∞ —Ç–∞ –Ω–∞—Ç–∏—Å–Ω—ñ—Ç—å –∫–Ω–æ–ø–∫—É \"–†–æ–∑–±–ª–æ–∫—É–≤–∞—Ç–∏ TOP\""

en,nav_home,Home
en,nav_partners,Partners
en,nav_top,TOP
en,friends,Friends
en,top_activated,TOP PROGRAM ACTIVE
en,link_connected,Link Connected
en,input_link_placeholder,Paste your 7% link here...
en,save,Save
en,how_to_get_link,How to get link?
en,unlock_top_title,Unlock TOP Status
en,unlock_top_subtitle,Invite 5 friends to unlock exclusive rewards
en,invited,invited
en,goal,GOAL
en,invite_earn,INVITE & EARN
en,potential_earnings,Your Potential Earnings
en,user_count_1,1 USER
en,user_count_10,10 USERS
en,user_count_100,100 USERS
en,estimates_disclaimer,Estimates based on average active user engagement.
en,partners_title,Partners
en,partners_subtitle,Verified Bots & Earn Stars for Actions
en,top_bots_title,TOP Bots
en,top_bots_subtitle,Get x3-x7 More Stars
en,browse_btn,Browse
en,stars_suffix,+ STARS
en,x7_badge,‚ö° x7
en,launch_btn,Launch ‚Üó
en,open_btn,Open ‚Üó
en,estimated_share,{{percent}}% share
en,about_earnhub,About EarnHub
en,footer_about_text,"EarnHub is an aggregator of referral programs, offering bonuses for network growth. Benefit from 7% Telegram monetization and maximize returns through our partner bots."
en,footer_disclaimer,Disclaimer: EarnHub is not a financial institution.
en,terms_of_use,Terms of Use
en,privacy_policy,Privacy Policy
en,support,Support
en,badge_7_path,7% Path Started
en,badge_top_member,TOP Member
en,badge_super_sharer,Super Sharer
en,your_earnings,Your Earnings
en,program_active,‚úÖ 7% Program Active
en,program_inactive,‚ùå 7% Program Inactive
en,achievements,Achievements
en,unlock_top,Unlock TOP
en,to_pro,To Pro
en,to_hub,To Hub
en,max_level,Max Level
en,started_path,47 people started 7% path
en,top_opened_today,TOP opened 19 times today
en,partners_clicked_most,Most clicked partners
en,share_popup_title,Share Link
en,next_btn,Next
en,start_btn,Start
en,enter_wallet_error,Enter wallet address
en,invalid_wallet_format,Invalid wallet address format
en,wallet_saved_success,‚úÖ Wallet saved successfully!
en,wallet_save_error,‚ùå Save error: 
en,top_locked_title,TOP Locked
en,top_locked_subtitle,Invite {{count}} more friends to unlock TOP partners or buy access.
en,btn_unlock_top,Unlock for {{price}} Stars
en,top_profits_title,TOP Partners
en,top_profits_subtitle,Best offers of the week
en,no_partners_found,No partners found
en,no_top_bots,No TOP bots available yet
en,ton_connect_help,TON Connect is the official protocol for connecting TON wallets in Telegram Mini Apps. It allows you to safely connect wallets without sharing private keys.
en,starter,Starter
en,pro,Pro
en,hub,Hub
en,creating_invoice,Creating invoice...
en,top_unlocked,‚úÖ TOP unlocked!
en,payment_cancelled,Payment cancelled
en,payment_error,‚ùå Payment error
en,saving,Saving...
en,link_copied,‚úÖ Link copied!
en,copy_failed,Copy failed
en,bot_id_missing,Error: Bot ID not found
en,link_missing,Referral link missing
en,copied,‚úÖ Copied!
en,connect_telegram_wallet,Connect Wallet in Telegram
en,choose_other_wallet,Choose other application
en,view_all_wallets,View all wallets
en,wallet_payouts_info,Only needed for future payouts
en,wallet_no_withdrawals,We never withdraw funds
en,how_to_find_address,How to find wallet address:
en,instruction_step_1,Open your TON wallet (Tonkeeper, MyTonWallet, Tonhub)
en,instruction_step_2,Go to "Receive" or "Get" section
en,instruction_step_3,Copy address (starts with EQ, UQ, kQ or 0Q)
en,wallet_input_label,TON Wallet Address:
en,cancel,Cancel
en,onboarding_title_1,Earn from actions in Telegram
en,onboarding_step_1,Activate 7%
en,loading,Loading...
en,retry_btn,Retry
en,share_button,üß° Share the link
en,share_text_pro,üöÄ Join EarnHubAggregatorBot ‚Äî earn Stars for your activity!
en,share_text_starter,üöÄ Join EarnHubAggregatorBot ‚Äî earn Stars for your activity!
en,activate_7_title,How to enable 7% (once forever):
en,activate_7_step_1,1Ô∏è‚É£ Open @{{username}}
en,activate_7_step_2,2Ô∏è‚É£ "Partner Program"
en,activate_7_step_3,3Ô∏è‚É£ "Connect"
en,activate_7_footer,‚Üí {{percent}}% active forever
en,buy_top_fallback_title,Unlock TOP
en,saved,Saved
en,change_link,Change link?
en,buy_top_fallback_text,"To unlock TOP you need:\n‚Ä¢ Invite {{needed}} friends\n‚Ä¢ Or buy access for {{price}} ‚≠ê\nTo buy, open the bot and click \"Unlock TOP\" button"

ru,nav_home,–ì–ª–∞–≤–Ω–∞—è
ru,nav_partners,–ü–∞—Ä—Ç–Ω–µ—Ä—ã
ru,nav_top,TOP
ru,friends,–î—Ä—É–∑—å—è
ru,top_activated,TOP –ü–†–û–ì–†–ê–ú–ú–ê –ê–ö–¢–ò–í–ù–ê
ru,link_connected,–°—Å—ã–ª–∫–∞ –ø–æ–¥–∫–ª—é—á–µ–Ω–∞
ru,input_link_placeholder,–í—Å—Ç–∞–≤—å —Å–≤–æ—é 7% —Å—Å—ã–ª–∫—É –∑–¥–µ—Å—å...
ru,save,–°–æ—Ö—Ä–∞–Ω–∏—Ç—å
ru,how_to_get_link,–ì–¥–µ –≤–∑—è—Ç—å —Å—Å—ã–ª–∫—É?
ru,unlock_top_title,–†–∞–∑–±–ª–æ–∫–∏—Ä–æ–≤–∞—Ç—å TOP —Å—Ç–∞—Ç—É—Å
ru,unlock_top_subtitle,–ü—Ä–∏–≥–ª–∞—Å–∏ 5 –¥—Ä—É–∑–µ–π, —á—Ç–æ–±—ã —Ä–∞–∑–±–ª–æ–∫–∏—Ä–æ–≤–∞—Ç—å —ç–∫—Å–∫–ª—é–∑–∏–≤–Ω—ã–µ –Ω–∞–≥—Ä–∞–¥—ã
ru,invited,–ø—Ä–∏–≥–ª–∞—à–µ–Ω–æ
ru,goal,–¶–ï–õ–¨
ru,invite_earn,–ü–†–ò–ì–õ–ê–®–ê–ô –ò –ó–ê–†–ê–ë–ê–¢–´–í–ê–ô
ru,potential_earnings,–¢–≤–æ–π –ø–æ—Ç–µ–Ω—Ü–∏–∞–ª—å–Ω—ã–π –∑–∞—Ä–∞–±–æ—Ç–æ–∫
ru,user_count_1,1 –Æ–ó–ï–†
ru,user_count_10,10 –Æ–ó–ï–†–û–í
ru,user_count_100,100 –Æ–ó–ï–†–û–í
ru,estimates_disclaimer,–û—Ü–µ–Ω–∫–∏ –æ—Å–Ω–æ–≤–∞–Ω—ã –Ω–∞ —Å—Ä–µ–¥–Ω–µ–π –∞–∫—Ç–∏–≤–Ω–æ—Å—Ç–∏ –ø—Ä–∏–≤–ª–µ—á–µ–Ω–Ω—ã—Ö –ø–æ–ª—å–∑–æ–≤–∞—Ç–µ–ª–µ–π.
ru,partners_title,–ü–∞—Ä—Ç–Ω–µ—Ä—ã
ru,partners_subtitle,–ü—Ä–æ–≤–µ—Ä–µ–Ω–Ω—ã–µ –±–æ—Ç—ã –∏ –∑–∞—Ä–∞–±–æ—Ç–æ–∫ –∑–≤–µ–∑–¥ –∑–∞ –¥–µ–π—Å—Ç–≤–∏—è
ru,top_bots_title,TOP –ë–æ—Ç—ã
ru,top_bots_subtitle,–ü–æ–ª—É—á–∞–π –≤ x3-x7 –±–æ–ª—å—à–µ –∑–≤–µ–∑–¥
ru,browse_btn,–ü–æ—Å–º–æ—Ç—Ä–µ—Ç—å
ru,stars_suffix,+ –ó–í–ï–ó–î–´
ru,x7_badge,‚ö° x7
ru,launch_btn,–ó–∞–ø—É—Å—Ç–∏—Ç—å ‚Üó
ru,open_btn,–û—Ç–∫—Ä—ã—Ç—å ‚Üó
ru,estimated_share,{{percent}}% –¥–æ–ª—è
ru,about_earnhub,–û EarnHub
ru,footer_about_text,"EarnHub ‚Äî —ç—Ç–æ –∞–≥—Ä–µ–≥–∞—Ç–æ—Ä —Ä–µ—Ñ–µ—Ä–∞–ª—å–Ω—ã—Ö –ø—Ä–æ–≥—Ä–∞–º–º, –ø—Ä–µ–¥–ª–∞–≥–∞—é—â–∏–π –±–æ–Ω—É—Å—ã –∑–∞ —Ä–æ—Å—Ç —Å–µ—Ç–∏. –ü–æ–ª—É—á–∞–π—Ç–µ –≤—ã–≥–æ–¥—É –æ—Ç 7% –º–æ–Ω–µ—Ç–∏–∑–∞—Ü–∏–∏ Telegram –∏ –º–∞–∫—Å–∏–º–∏–∑–∏—Ä—É–π—Ç–µ –ø—Ä–∏–±—ã–ª—å —á–µ—Ä–µ–∑ –Ω–∞—à–∏—Ö –ø–∞—Ä—Ç–Ω–µ—Ä—Å–∫–∏—Ö –±–æ—Ç–æ–≤."
ru,footer_disclaimer,–û—Ç–∫–∞–∑ –æ—Ç –æ—Ç–≤–µ—Ç—Å—Ç–≤–µ–Ω–Ω–æ—Å—Ç–∏: EarnHub –Ω–µ —è–≤–ª—è–µ—Ç—Å—è —Ñ–∏–Ω–∞–Ω—Å–æ–≤—ã–º —É—á—Ä–µ–∂–¥–µ–Ω–∏–µ–º.
ru,terms_of_use,–£—Å–ª–æ–≤–∏—è –∏—Å–ø–æ–ª—å–∑–æ–≤–∞–Ω–∏—è
ru,privacy_policy,–ü–æ–ª–∏—Ç–∏–∫–∞ –∫–æ–Ω—Ñ–∏–¥–µ–Ω—Ü–∏–∞–ª—å–Ω–æ—Å—Ç–∏
ru,support,–ü–æ–¥–¥–µ—Ä–∂–∫–∞
ru,badge_7_path,7% –ø—É—Ç—å –Ω–∞—á–∞—Ç
ru,badge_top_member,TOP —É—á–∞—Å—Ç–Ω–∏–∫
ru,badge_super_sharer,–°—É–ø–µ—Ä —Ä–∞—Å–ø—Ä–æ—Å—Ç—Ä–∞–Ω–∏—Ç–µ–ª—å
ru,your_earnings,–í–∞—à –∑–∞—Ä–∞–±–æ—Ç–æ–∫
ru,program_active,‚úÖ –ü—Ä–æ–≥—Ä–∞–º–º–∞ 7% –∞–∫—Ç–∏–≤–Ω–∞
ru,program_inactive,‚ùå –ü—Ä–æ–≥—Ä–∞–º–∞ 7% –Ω–µ–∞–∫—Ç–∏–≤–Ω–∞
ru,achievements,–î–æ—Å—Ç–∏–∂–µ–Ω–∏—è
ru,unlock_top,–†–∞–∑–±–ª–æ–∫–∏—Ä–æ–≤–∞—Ç—å TOP
ru,to_pro,–î–æ Pro
ru,to_hub,–î–æ Hub
ru,max_level,–ú–∞–∫—Å–∏–º–∞–ª—å–Ω—ã–π —É—Ä–æ–≤–µ–Ω—å
ru,started_path,47 —á–µ–ª–æ–≤–µ–∫ –Ω–∞—á–∞–ª–∏ 7% –ø—É—Ç—å
ru,top_opened_today,TOP –æ—Ç–∫—Ä—ã–≤–∞–ª–∏ 19 —Ä–∞–∑ —Å–µ–≥–æ–¥–Ω—è
ru,partners_clicked_most,–ß–∞—â–µ –≤—Å–µ–≥–æ –∫–ª–∏–∫–∞—é—Ç –ø–∞—Ä—Ç–Ω–µ—Ä–æ–≤
ru,share_popup_title,–ü–æ–¥–µ–ª–∏—Å—å —Å—Å—ã–ª–∫–æ–π
ru,next_btn,–î–∞–ª–µ–µ
ru,start_btn,–ù–∞—á–∞—Ç—å
ru,enter_wallet_error,–í–≤–µ–¥–∏—Ç–µ –∞–¥—Ä–µ—Å –∫–æ—à–µ–ª—å–∫–∞
ru,invalid_wallet_format,–ù–µ–≤–µ—Ä–Ω—ã–π —Ñ–æ—Ä–º–∞—Ç –∞–¥—Ä–µ—Å–∞ –∫–æ—à–µ–ª—å–∫–∞
ru,wallet_saved_success,‚úÖ –ö–æ—à–µ–ª–µ–∫ —Å–æ—Ö—Ä–∞–Ω–µ–Ω —É—Å–ø–µ—à–Ω–æ!
ru,wallet_save_error,‚ùå –û—à–∏–±–∫–∞ —Å–æ—Ö—Ä–∞–Ω–µ–Ω–∏—è: 
ru,top_locked_title,TOP –∑–∞–±–ª–æ–∫–∏—Ä–æ–≤–∞–Ω–æ
ru,top_locked_subtitle,–ü—Ä–∏–≥–ª–∞—Å–∏ –µ—â–µ {{count}} –¥—Ä—É–∑–µ–π, —á—Ç–æ–±—ã —Ä–∞–∑–±–ª–æ–∫–∏—Ä–æ–≤–∞—Ç—å TOP –ø–∞—Ä—Ç–Ω–µ—Ä–æ–≤ –∏–ª–∏ –∫—É–ø–∏ –¥–æ—Å—Ç—É–ø.
ru,btn_unlock_top,–†–∞–∑–±–ª–æ–∫–∏—Ä–æ–≤–∞—Ç—å –∑–∞ {{price}} –∑–≤–µ–∑–¥
ru,top_profits_title,–¢–û–ü –ø–∞—Ä—Ç–Ω–µ—Ä—ã
ru,top_profits_subtitle,–°–∞–º—ã–µ –≤—ã–≥–æ–¥–Ω—ã–µ –ø—Ä–µ–¥–ª–æ–∂–µ–Ω–∏—è –Ω–µ–¥–µ–ª–∏
ru,no_partners_found,–ü–∞—Ä—Ç–Ω–µ—Ä–æ–≤ –Ω–µ –Ω–∞–π–¥–µ–Ω–æ
ru,no_top_bots,TOP –±–æ—Ç–æ–≤ –ø–æ–∫–∞ –Ω–µ—Ç
ru,ton_connect_help,TON Connect ‚Äî —ç—Ç–æ –æ—Ñ–∏—Ü–∏–∞–ª—å–Ω—ã–π –ø—Ä–æ—Ç–æ–∫–æ–ª –¥–ª—è –ø–æ–¥–∫–ª—é—á–µ–Ω–∏—è TON –∫–æ—à–µ–ª—å–∫–æ–≤ –≤ Telegram Mini Apps. –û–Ω –ø–æ–∑–≤–æ–ª—è–µ—Ç –±–µ–∑–æ–ø–∞—Å–Ω–æ –ø–æ–¥–∫–ª—é—á–∞—Ç—å –∫–æ—à–µ–ª—å–∫–∏ –±–µ–∑ –ø–µ—Ä–µ–¥–∞—á–∏ –ø—Ä–∏–≤–∞—Ç–Ω—ã—Ö –∫–ª—é—á–µ–π.
ru,starter,–ù–æ–≤–∏—á–æ–∫
ru,pro,–ü—Ä–æ—Ñ–∏
ru,hub,–•–∞–±
ru,creating_invoice,–°–æ–∑–¥–∞–µ–º —Å—á–µ—Ç...
ru,top_unlocked,‚úÖ TOP —Ä–∞–∑–±–ª–æ–∫–∏—Ä–æ–≤–∞–Ω!
ru,payment_cancelled,–û–ø–ª–∞—Ç–∞ –æ—Ç–º–µ–Ω–µ–Ω–∞
ru,payment_error,‚ùå –û—à–∏–±–∫–∞ –æ–ø–ª–∞—Ç—ã
ru,saving,–°–æ—Ö—Ä–∞–Ω–µ–Ω–∏–µ...
ru,link_copied,‚úÖ –°—Å—ã–ª–∫–∞ —Å–∫–æ–ø–∏—Ä–æ–≤–∞–Ω–∞!
ru,copy_failed,–û—à–∏–±–∫–∞ –∫–æ–ø–∏—Ä–æ–≤–∞–Ω–∏—è
ru,bot_id_missing,–û—à–∏–±–∫–∞: Bot ID –Ω–µ –Ω–∞–π–¥–µ–Ω
ru,link_missing,–†–µ—Ñ–µ—Ä–∞–ª—å–Ω–∞—è —Å—Å—ã–ª–∫–∞ –æ—Ç—Å—É—Ç—Å—Ç–≤—É–µ—Ç
ru,copied,‚úÖ –°–∫–æ–ø–∏—Ä–æ–≤–∞–Ω–æ!
ru,connect_telegram_wallet,–ü–æ–¥–∫–ª—é—á–∏—Ç—å –∫–æ—à–µ–ª–µ–∫ –≤ Telegram
ru,choose_other_wallet,–í—ã–±—Ä–∞—Ç—å –¥—Ä—É–≥–æ–µ –ø—Ä–∏–ª–æ–∂–µ–Ω–∏–µ
ru,view_all_wallets,–í—Å–µ –∫–æ—à–µ–ª—å–∫–∏
ru,wallet_payouts_info,–¢—Ä–µ–±—É–µ—Ç—Å—è —Ç–æ–ª—å–∫–æ –¥–ª—è –±—É–¥—É—â–∏—Ö –≤—ã–ø–ª–∞—Ç
ru,wallet_no_withdrawals,–ú—ã –Ω–∏–∫–æ–≥–¥–∞ –Ω–µ —Å–ø–∏—Å—ã–≤–∞–µ–º —Å—Ä–µ–¥—Å—Ç–≤–∞
ru,how_to_find_address,–ö–∞–∫ –Ω–∞–π—Ç–∏ –∞–¥—Ä–µ—Å –∫–æ—à–µ–ª—å–∫–∞:
ru,instruction_step_1,–û—Ç–∫—Ä–æ–π —Å–≤–æ–π TON –∫–æ—à–µ–ª–µ–∫ (Tonkeeper, MyTonWallet, Tonhub)
ru,instruction_step_2,–ù–∞–π–¥–∏ —Ä–∞–∑–¥–µ–ª "Receive" –∏–ª–∏ "–ü–æ–ª—É—á–∏—Ç—å"
ru,instruction_step_3,–°–∫–æ–ø–∏—Ä—É–π –∞–¥—Ä–µ—Å (–Ω–∞—á–∏–Ω–∞–µ—Ç—Å—è —Å EQ, UQ, kQ –∏–ª–∏ 0Q)
ru,wallet_input_label,–ê–¥—Ä–µ—Å TON –∫–æ—à–µ–ª—å–∫–∞:
ru,cancel,–û—Ç–º–µ–Ω–∞
ru,onboarding_title_1,–ó–¥–µ—Å—å –∑–∞—Ä–∞–±–∞—Ç—ã–≤–∞—é—Ç –Ω–∞ –¥–µ–π—Å—Ç–≤–∏—è—Ö –≤ Telegram
ru,onboarding_step_1,–ê–∫—Ç–∏–≤–∏—Ä—É–π 7%
ru,loading,–ó–∞–≥—Ä—É–∑–∫–∞...
ru,retry_btn,–ü–æ–≤—Ç–æ—Ä–∏—Ç—å
ru,share_button,üß° –ü–æ–¥–µ–ª–∏—Ç—å—Å—è —Å—Å—ã–ª–∫–æ–π
ru,share_text_pro,üöÄ –ü—Ä–∏—Å–æ–µ–¥–∏–Ω—è–π—Å—è –∫ EarnHubAggregatorBot ‚Äî –ø–æ–ª—É—á–∞–π –∑–≤—ë–∑–¥—ã –∑–∞ –∞–∫—Ç–∏–≤–Ω–æ—Å—Ç—å!
ru,share_text_starter,üöÄ –ü—Ä–∏—Å–æ–µ–¥–∏–Ω—è–π—Å—è –∫ EarnHubAggregatorBot ‚Äî –ø–æ–ª—É—á–∞–π –∑–≤—ë–∑–¥—ã –∑–∞ –∞–∫—Ç–∏–≤–Ω–æ—Å—Ç—å!
ru,activate_7_title,–ö–∞–∫ –≤–∫–ª—é—á–∏—Ç—å 7% (1 —Ä–∞–∑ –Ω–∞–≤—Å–µ–≥–¥–∞):
ru,activate_7_step_1,1Ô∏è‚É£ –û—Ç–∫—Ä–æ–π @{{username}}
ru,activate_7_step_2,2Ô∏è‚É£ ¬´–ü–∞—Ä—Ç–Ω–µ—Ä—Å–∫–∞—è –ø—Ä–æ–≥—Ä–∞–º–º–∞¬ª
ru,activate_7_step_3,3Ô∏è‚É£ ¬´–ü–æ–¥–∫–ª—é—á–∏—Ç—å—Å—è¬ª
ru,activate_7_footer,‚Üí {{percent}}% –∞–∫—Ç–∏–≤–∏—Ä—É—é—Ç—Å—è –Ω–∞–≤—Å–µ–≥–¥–∞
ru,buy_top_fallback_title,–†–∞–∑–±–ª–æ–∫–∏—Ä–æ–≤–∞—Ç—å TOP
ru,saved,–°–æ—Ö—Ä–∞–Ω–µ–Ω–æ
ru,change_link,–ò–∑–º–µ–Ω–∏—Ç—å —Å—Å—ã–ª–∫—É?
ru,buy_top_fallback_text,"–î–ª—è —Ä–∞–∑–±–ª–æ–∫–∏—Ä–æ–≤–∫–∏ TOP –Ω—É–∂–Ω–æ:\n‚Ä¢ –ü—Ä–∏–≥–ª–∞—Å–∏—Ç—å {{needed}} –¥—Ä—É–∑–µ–π\n‚Ä¢ –ò–ª–∏ –∫—É–ø–∏—Ç—å –¥–æ—Å—Ç—É–ø –∑–∞ {{price}} ‚≠ê\n–î–ª—è –ø–æ–∫—É–ø–∫–∏ –æ—Ç–∫—Ä–æ–π—Ç–µ –±–æ—Ç–∞ –∏ –Ω–∞–∂–º–∏—Ç–µ –∫–Ω–æ–ø–∫—É \"–†–∞–∑–±–ª–æ–∫–∏—Ä–æ–≤–∞—Ç—å TOP\""

de,nav_home,Startseite
de,nav_partners,Partner
de,nav_top,TOP
de,friends,Freunde
de,top_activated,TOP PROGRAMM AKTIV
de,link_connected,Link verbunden
de,input_link_placeholder,F√ºge deinen 7% Link hier ein...
de,save,Speichern
de,how_to_get_link,Wie bekomme ich den Link?
de,unlock_top_title,TOP Status freischalten
de,unlock_top_subtitle,Lade 5 Freunde ein, um exklusive Belohnungen freizuschalten
de,invited,eingeladen
de,goal,ZIEL
de,invite_earn,EINLADEN & VERDIENEN
de,potential_earnings,Deine potenziellen Einnahmen
de,user_count_1,1 NUTZER
de,user_count_10,10 NUTZER
de,user_count_100,100 NUTZER
de,estimates_disclaimer,Sch√§tzungen basieren auf der durchschnittlichen Aktivit√§t der geworbenen Nutzer.
de,partners_title,Partner
de,partners_subtitle,Gepr√ºfte Bots & Stars f√ºr Aktionen verdienen
de,top_bots_title,TOP Bots
de,top_bots_subtitle,Erhalte x3-x7 mehr Stars
de,browse_btn,Durchsuchen
de,stars_suffix,+ STARS
de,x7_badge,‚ö° x7
de,launch_btn,Starten ‚Üó
de,open_btn,√ñffnen ‚Üó
de,estimated_share,{{percent}}% Anteil
de,about_earnhub,√úber EarnHub
de,footer_about_text,"EarnHub ist ein Aggregator von Empfehlungsprogrammen, der Boni f√ºr das Netzwerkwachstum bietet. Profitiere von der 7% Telegram-Monetarisierung und maximiere deine Ertr√§ge durch unsere Partner-Bots."
de,footer_disclaimer,Haftungsausschluss: EarnHub ist kein Finanzinstitut.
de,terms_of_use,Nutzungsbedingungen
de,privacy_policy,Datenschutzrichtlinie
de,support,Support
de,badge_7_path,7% Pfad gestartet
de,badge_top_member,TOP Mitglied
de,badge_super_sharer,Super-Teiler
de,your_earnings,Deine Einnahmen
de,program_active,‚úÖ 7% Programm aktiv
de,program_inactive,‚ùå 7% Programm inaktiv
de,achievements,Erfolge
de,unlock_top,TOP freischalten
de,to_pro,Zu Pro
de,to_hub,Zu Hub
de,max_level,Maximales Level
de,started_path,47 Personen haben den 7% Pfad gestartet
de,top_opened_today,TOP wurde heute 19 Mal ge√∂ffnet
de,partners_clicked_most,Am h√§ufigsten angeklickte Partner
de,share_popup_title,Link teilen
de,next_btn,Weiter
de,start_btn,Starten
de,enter_wallet_error,Wallet-Adresse eingeben
de,invalid_wallet_format,Ung√ºltiges Format der Wallet-Adresse
de,wallet_saved_success,‚úÖ Wallet erfolgreich gespeichert!
de,wallet_save_error,‚ùå Fehler beim Speichern: 
de,top_locked_title,TOP gesperrt
de,top_locked_subtitle,Lade noch {{count}} Freunde ein, um TOP Partner freizuschalten oder kaufe Zugang.
de,btn_unlock_top,Freischalten f√ºr {{price}} Stars
de,top_profits_title,TOP Partner
de,top_profits_subtitle,Beste Angebote der Woche
de,no_partners_found,Keine Partner gefunden
de,no_top_bots,Noch keine TOP Bots verf√ºgbar
de,ton_connect_help,TON Connect ist das offizielle Protokoll zum Verbinden von TON Wallets in Telegram Mini Apps. Es erm√∂glicht das sichere Verbinden von Wallets, ohne private Schl√ºssel preiszugeben.
de,starter,Anf√§nger
de,pro,Profi
de,hub,Hub
de,creating_invoice,Rechnung wird erstellt...
de,top_unlocked,‚úÖ TOP freigeschaltet!
de,payment_cancelled,Zahlung abgebrochen
de,payment_error,‚ùå Zahlungsfehler
de,saving,Speichern...
de,link_copied,‚úÖ Link kopiert!
de,copy_failed,Kopieren fehlgeschlagen
de,bot_id_missing,Fehler: Bot ID nicht gefunden
de,link_missing,Empfehlungslink fehlt
de,copied,‚úÖ Kopiert!
de,connect_telegram_wallet,Wallet in Telegram verbinden
de,choose_other_wallet,Andere App w√§hlen
de,view_all_wallets,Alle Wallets
de,wallet_payouts_info,Nur f√ºr zuk√ºnftige Auszahlungen ben√∂tigt
de,wallet_no_withdrawals,Wir heben niemals Geld ab
de,how_to_find_address,So findest du die Wallet-Adresse:
de,instruction_step_1,√ñffne deine TON Wallet (Tonkeeper, MyTonWallet, Tonhub)
de,instruction_step_2,Gehe zum Bereich "Empfangen" oder "Erhalt"
de,instruction_step_3,Kopiere die Adresse (beginnt mit EQ, UQ, kQ oder 0Q)
de,wallet_input_label,TON Wallet-Adresse:
de,cancel,Abbrechen
de,onboarding_title_1,Hier verdienen Sie an Aktionen in Telegram
de,onboarding_step_1,Aktiviere 7%
de,loading,Laden...
de,retry_btn,Wiederholen
de,share_button,üß° Link teilen
de,share_text_pro,üöÄ Tritt EarnHubAggregatorBot bei ‚Äî sammle Stars f√ºr deine Aktivit√§t!
de,share_text_starter,üöÄ Tritt EarnHubAggregatorBot bei ‚Äî sammle Stars f√ºr deine Aktivit√§t!
de,activate_7_title,So aktivierst du 7% (einmalig f√ºr immer):
de,activate_7_step_1,1Ô∏è‚É£ √ñffne @{{username}}
de,activate_7_step_2,2Ô∏è‚É£ ‚ÄûPartnerprogramm‚Äú
de,activate_7_step_3,3Ô∏è‚É£ ‚ÄûVerbinden‚Äú
de,activate_7_footer,‚Üí {{percent}}% dauerhaft aktiv
de,buy_top_fallback_title,TOP freischalten
de,saved,Gespeichert
de,change_link,Link √§ndern?
de,buy_top_fallback_text,"Um TOP freizuschalten, musst du:\n‚Ä¢ {{needed}} Freunde einladen\n‚Ä¢ Oder den Zugang f√ºr {{price}} ‚≠ê kaufen\nZum Kaufen √∂ffne den Bot und klicke auf die Schaltfl√§che \"TOP freischalten\""

es,nav_home,Inicio
es,nav_partners,Socios
es,nav_top,TOP
es,friends,Amigos
es,top_activated,PROGRAMA TOP ACTIVO
es,link_connected,Enlace conectado
es,input_link_placeholder,Pega tu enlace del 7% aqu√≠...
es,save,Guardar
es,how_to_get_link,¬øC√≥mo obtener el enlace?
es,unlock_top_title,Desbloquear Estado TOP
es,unlock_top_subtitle,Invita a 5 amigos para desbloquear recompensas exclusivas
es,invited,invitado
es,goal,META
es,invite_earn,INVITA Y GANA
es,potential_earnings,Tus Ganancias Potenciales
es,user_count_1,1 USUARIO
es,user_count_10,10 USUARIOS
es,user_count_100,100 USUARIOS
es,estimates_disclaimer,Estimaciones basadas en la actividad promedio de los usuarios invitados.
es,partners_title,Socios
es,partners_subtitle,Bots verificados y gana Stars por acciones
es,top_bots_title,Bots TOP
es,top_bots_subtitle,Gana x3-x7 m√°s Stars
es,browse_btn,Explorar
es,stars_suffix,+ STARS
es,x7_badge,‚ö° x7
es,launch_btn,Lanzar ‚Üó
es,open_btn,Abrir ‚Üó
es,estimated_share,{{percent}}% de participaci√≥n
es,about_earnhub,Sobre EarnHub
es,footer_about_text,"EarnHub es un agregador de programas de referidos que ofrece bonos por el crecimiento de la red. Benef√≠ciese de la monetizaci√≥n del 7% de Telegram y maximice sus ganancias a trav√©s de nuestros bots asociados."
es,footer_disclaimer,Descargo de responsabilidad: EarnHub no es una instituci√≥n financiera.
es,terms_of_use,T√©rminos de uso
es,privacy_policy,Pol√≠tica de privacidad
es,support,Soporte
es,badge_7_path,Camino del 7% iniciado
es,badge_top_member,Miembro TOP
es,badge_super_sharer,S√∫per compartidor
es,your_earnings,Tus ganancias
es,program_active,‚úÖ Programa 7% activo
es,program_inactive,‚ùå Programa 7% inactivo
es,achievements,Logros
es,unlock_top,Desbloquear TOP
es,to_pro,A Pro
es,to_hub,A Hub
es,max_level,Nivel m√°ximo
es,started_path,47 personas iniciaron el camino del 7%
es,top_opened_today,TOP abierto 19 veces hoy
es,partners_clicked_most,Socios m√°s clicados
es,share_popup_title,Compartir enlace
es,next_btn,Siguiente
es,start_btn,Empezar
es,enter_wallet_error,Introduce la direcci√≥n del monedero
es,invalid_wallet_format,Formato de direcci√≥n de monedero no v√°lido
es,wallet_saved_success,‚úÖ ¬°Monedero guardado con √©xito!
es,wallet_save_error,‚ùå Error al guardar: 
es,top_locked_title,TOP Bloqueado
es,top_locked_subtitle,Invita a {{count}} amigos m√°s para desbloquear socios TOP o compra el acceso.
es,btn_unlock_top,Desbloquear por {{price}} Stars
es,top_profits_title,Socios TOP
es,top_profits_subtitle,Mejores ofertas de la semana
es,no_partners_found,No se encontraron socios
es,no_top_bots,No hay bots TOP disponibles todav√≠a
es,ton_connect_help,TON Connect es el protocolo oficial para conectar monederos TON en las Mini Apps de Telegram. Permite conectar monederos de forma segura sin compartir claves privadas.
es,starter,Principiante
es,pro,Pro
es,hub,Hub
es,creating_invoice,Creando factura...
es,top_unlocked,‚úÖ TOP desbloqueado!
es,payment_cancelled,Pago cancelado
es,payment_error,‚ùå Error de pago
es,saving,Guardando...
es,link_copied,‚úÖ ¬°Enlace copiado!
es,copy_failed,Error al copiar
es,bot_id_missing,Error: Bot ID no encontrado
es,link_missing,Falta el enlace de referido
es,copied,‚úÖ ¬°Copiado!
es,connect_telegram_wallet,Conectar monedero en Telegram
es,choose_other_wallet,Elegir otra aplicaci√≥n
es,view_all_wallets,Todos los monederos
es,wallet_payouts_info,Solo necesario para futuros pagos
es,wallet_no_withdrawals,Nunca retiramos fondos
es,how_to_find_address,C√≥mo encontrar la direcci√≥n del monedero:
es,instruction_step_1,Abre tu monedero TON (Tonkeeper, MyTonWallet, Tonhub)
es,instruction_step_2,Ve a la secci√≥n "Recibir" o "Obtener"
es,instruction_step_3,Copia la direcci√≥n (empieza por EQ, UQ, kQ o 0Q)
es,wallet_input_label,Direcci√≥n del monedero TON:
es,cancel,Cancelar
es,onboarding_title_1,Aqu√≠ ganas por acciones en Telegram
es,onboarding_step_1,Activa el 7%
es,loading,Cargando...
es,retry_btn,Reintentar
es,share_button,üß° Compartir enlace
es,share_text_pro,üöÄ ¬°√önete a EarnHubAggregatorBot ‚Äî gana Stars por tu actividad!
es,share_text_starter,üöÄ ¬°√önete a EarnHubAggregatorBot ‚Äî gana Stars por tu actividad!
es,activate_7_title,C√≥mo activar el 7% (una vez para siempre):
es,activate_7_step_1,1Ô∏è‚É£ Abre @{{username}}
es,activate_7_step_2,2Ô∏è‚É£ ‚ÄûPrograma de socios‚Äú
es,activate_7_step_3,3Ô∏è‚É£ ‚ÄûConectar‚Äú
es,activate_7_footer,‚Üí {{percent}}% activo para siempre
es,buy_top_fallback_title,Desbloquear TOP
es,saved,Guardado
es,change_link,¬øCambiar enlace?
es,buy_top_fallback_text,"–î–ª—è —Ä–∞–∑–±–ª–æ–∫–∏—Ä–æ–≤–∫–∏ TOP –ø–æ—Ç—Ä—ñ–±–Ω–æ:\n‚Ä¢ Invita a {{needed}} amigos\n‚Ä¢ O compra el acceso por {{price}} ‚≠ê\nPara comprar, abre el bot y haz clic en el bot√≥n \"Desbloquear TOP\""
